{
  "Spectrum_Locus": {
    "u_prime": [
      0.256865194,
      0.256672436,
      0.256401618,
      0.255991969,
      0.255764041,
      0.255262941,
      0.254496534,
      0.253645148,
      0.252217082,
      0.249629492,
      0.246083169,
      0.241101802,
      0.234750929,
      0.226643616,
      0.216117881,
      0.203284963,
      0.187661332,
      0.168979963,
      0.144097895,
      0.114670755,
      0.082808953,
      0.052136175,
      0.028153963,
      0.011870155,
      0.003459292,
      0.001422475,
      0.004633262,
      0.012269163,
      0.023116509,
      0.035995353,
      0.050068144,
      0.064325276,
      0.079228991,
      0.095257011,
      0.112701838,
      0.131892641,
      0.153111157,
      0.176601706,
      0.202573031,
      0.231155986,
      0.262338731,
      0.29593341,
      0.331476188,
      0.368085551,
      0.403510105,
      0.437975161,
      0.469128351,
      0.496697154,
      0.520211453,
      0.539924911,
      0.556485582,
      0.570873244,
      0.583020931,
      0.592974859,
      0.600476569,
      0.606363069,
      0.610797296,
      0.613748576,
      0.616143814,
      0.618075802,
      0.61994234,
      0.621634388,
      0.622557422,
      0.623100752,
      0.623366218,
      0.623366183,
      0.623366123,
      0.623366192,
      0.623366166,
      0.623366154,
      0.623366026,
      0.623366135,
      0.623366171,
      0.623366156,
      0.623366184,
      0.62336616,
      0.623366026,
      0.623365936,
      0.623366152,
      0.623366115,
      0.623366111,
      0.256865194
    ],
    "v_prime": [
      0.01647655,
      0.016529889,
      0.016315917,
      0.016338311,
      0.015924931,
      0.015850739,
      0.015924312,
      0.0160264,
      0.01689205,
      0.019090955,
      0.022623356,
      0.027809276,
      0.034881017,
      0.043660445,
      0.054961567,
      0.068888535,
      0.087119257,
      0.11189623,
      0.150990784,
      0.204446417,
      0.270830475,
      0.342708696,
      0.411662654,
      0.469840116,
      0.513069415,
      0.543163229,
      0.563838135,
      0.576966861,
      0.583667185,
      0.586139653,
      0.586750245,
      0.586525028,
      0.585623376,
      0.584114563,
      0.58207093,
      0.579549622,
      0.576581333,
      0.573187597,
      0.569362856,
      0.565104363,
      0.560436611,
      0.555419473,
      0.550118696,
      0.544630417,
      0.539336727,
      0.53419063,
      0.529559157,
      0.525438262,
      0.521916227,
      0.518978928,
      0.516507672,
      0.514354792,
      0.512535145,
      0.511046375,
      0.509928515,
      0.50904554,
      0.508380406,
      0.507937714,
      0.507578428,
      0.50728863,
      0.507008649,
      0.506754842,
      0.506616387,
      0.506534887,
      0.506495067,
      0.506495073,
      0.506495081,
      0.506495071,
      0.506495075,
      0.506495077,
      0.506495096,
      0.50649508,
      0.506495074,
      0.506495077,
      0.506495072,
      0.506495076,
      0.506495096,
      0.50649511,
      0.506495077,
      0.506495083,
      0.506495083,
      0.01647655
    ]
  },

  "Blackbody_Locus": {
    "u_prime": [
      0.447968034,
      0.357901485,
      0.305044391,
      0.272174829,
      0.250568941,
      0.235710715,
      0.225109003,
      0.217309654,
      0.211422193,
      0.206878779,
      0.203304666,
      0.200445206,
      0.198122958,
      0.196211543,
      0.194619197,
      0.193278128,
      0.192137474,
      0.191158528,
      0.190311454
    ],
    "v_prime": [
      0.531943703,
      0.540496282,
      0.538599511,
      0.531103118,
      0.521388092,
      0.511267539,
      0.501589866,
      0.492698298,
      0.484689342,
      0.477545166,
      0.471199238,
      0.465568348,
      0.460567841,
      0.45611847,
      0.452149059,
      0.448597103,
      0.445408402,
      0.442536282,
      0.439940688
    ]
  }
}
