{
  "Spectrum_Locus": {
    "x": [
      0.174112234,
      0.174007918,
      0.173800773,
      0.173559907,
      0.173336865,
      0.173020965,
      0.172576551,
      0.172086631,
      0.171407434,
      0.170300989,
      0.168877521,
      0.16689529,
      0.164411756,
      0.16110458,
      0.156640933,
      0.150985408,
      0.143960396,
      0.135502671,
      0.124118477,
      0.109594324,
      0.091293507,
      0.068705921,
      0.045390735,
      0.023459943,
      0.008168028,
      0.003858521,
      0.013870246,
      0.038851802,
      0.074302425,
      0.11416072,
      0.154722061,
      0.192876098,
      0.229619673,
      0.265775085,
      0.301603799,
      0.337363333,
      0.373101544,
      0.408736256,
      0.444062464,
      0.478774791,
      0.512486367,
      0.544786506,
      0.575151311,
      0.602932786,
      0.6270366,
      0.648233106,
      0.665763576,
      0.68007885,
      0.691503973,
      0.700606061,
      0.707917792,
      0.714031597,
      0.719032942,
      0.723031603,
      0.725992318,
      0.728271728,
      0.729969013,
      0.731089396,
      0.7319933,
      0.732718894,
      0.733416967,
      0.7340473,
      0.734390165,
      0.734591662,
      0.734690023,
      0.73469001,
      0.734689988,
      0.734690014,
      0.734690004,
      0.73469,
      0.734689952,
      0.734689992,
      0.734690006,
      0.73469,
      0.734690011,
      0.734690002,
      0.734689952,
      0.734689919,
      0.734689999,
      0.734689985,
      0.734689984,
      0.174112234
    ],
    "y": [
      0.004963726,
      0.004980549,
      0.004915412,
      0.004923203,
      0.004796743,
      0.00477505,
      0.004799302,
      0.004832524,
      0.005102171,
      0.005788505,
      0.006900244,
      0.008555606,
      0.010857558,
      0.013793359,
      0.017704805,
      0.022740193,
      0.02970297,
      0.039879121,
      0.057802513,
      0.086842511,
      0.132702042,
      0.200723218,
      0.294975965,
      0.412703479,
      0.538423071,
      0.654823151,
      0.750186428,
      0.812016021,
      0.833803091,
      0.82620696,
      0.805863545,
      0.781629216,
      0.75432909,
      0.724323925,
      0.692307762,
      0.65884829,
      0.62445086,
      0.589606869,
      0.554713903,
      0.520202307,
      0.486590788,
      0.454434115,
      0.424232235,
      0.396496634,
      0.372491145,
      0.351394916,
      0.334010651,
      0.319747217,
      0.308342261,
      0.299300699,
      0.292027109,
      0.285928874,
      0.280934952,
      0.276948358,
      0.274007682,
      0.271728272,
      0.270030987,
      0.268910604,
      0.2680067,
      0.267281106,
      0.266583033,
      0.2659527,
      0.265609835,
      0.265408338,
      0.265309977,
      0.26530999,
      0.265310012,
      0.265309986,
      0.265309996,
      0.26531,
      0.265310048,
      0.265310008,
      0.265309994,
      0.26531,
      0.265309989,
      0.265309998,
      0.265310048,
      0.265310081,
      0.265310001,
      0.265310015,
      0.265310016,
      0.004963726
    ]
  },

  "Blackbody_Locus": {
    "x": [
      0.652728231,
      0.585713587,
      0.526677753,
      0.476997683,
      0.436936884,
      0.405312009,
      0.380450477,
      0.360800679,
      0.345116254,
      0.3324511,
      0.322101371,
      0.313545233,
      0.306394013,
      0.300355781,
      0.295209048,
      0.290783965,
      0.286948876,
      0.283600665,
      0.280657749
    ],
    "y": [
      0.344483581,
      0.393126202,
      0.413299964,
      0.413680112,
      0.404082516,
      0.390729182,
      0.376765825,
      0.36356902,
      0.351637993,
      0.341070191,
      0.331793054,
      0.323672244,
      0.316560384,
      0.310317725,
      0.30481975,
      0.299958856,
      0.295643503,
      0.291796401,
      0.288352501
    ]
  }
}
